experiment,step,mig_profile,max_num_seqs,level,replicas,total_tps,prefill_tps,decode_tps,per_replica_tps,ttft_p95_ms,itl_p95_ms,running_avg,waiting_avg,kv_usage_max,preemptions,gpu_w,sm_mhz,temp_c,start,end,sla_ok
1,baseline,none,256,16,1,2273.1,505.8,1767.3,2273,40,11,15.9,0.0,0.044,0,165.0,1988,81.6,2026-09-30T09:09:32Z,2026-09-30T09:13:57Z,True
1,baseline,none,256,32,1,3587.5,738.9,2848.7,3588,55,24,31.8,0.0,0.079,0,165.0,1787,88.1,2026-09-30T09:15:02Z,2026-09-30T09:19:27Z,True
1,baseline,none,256,64,1,5263.4,1080.1,4183.3,5263,73,25,63.5,0.0,0.146,0,164.5,1705,89.1,2026-09-30T09:20:32Z,2026-09-30T09:24:57Z,True
1,baseline,none,256,96,1,5549.3,1122.5,4426.8,5549,97,46,95.7,0.0,0.231,0,163.9,1638,89.9,2026-09-30T09:26:02Z,2026-09-30T09:30:27Z,True
1,baseline,none,256,128,1,5793.5,1169.8,4623.7,5793,210,48,127.2,0.0,0.283,0,164.3,1637,89.9,2026-09-30T09:31:32Z,2026-09-30T09:35:57Z,True
1,baseline,none,256,192,1,5646.1,1143.1,4503.0,5646,242,73,190.8,0.0,0.405,0,162.9,1607,90.0,2026-09-30T09:37:02Z,2026-09-30T09:41:27Z,True
1,baseline,none,256,256,1,5634.2,1139.6,4494.6,5634,245,85,254.2,0.0,0.535,0,162.9,1655,90.4,2026-09-30T09:42:32Z,2026-09-30T09:46:57Z,True
1,baseline,none,256,320,1,5605.4,1128.2,4477.1,5605,4902,85,255.0,62.8,0.518,0,162.4,1652,90.5,2026-09-30T09:48:02Z,2026-09-30T09:52:27Z,False
1,baseline,none,256,384,1,5624.2,1130.2,4493.9,5624,9810,85,255.1,127.1,0.497,0,162.4,1655,90.4,2026-09-30T09:53:32Z,2026-09-30T09:57:57Z,False
1,baseline,none,256,512,1,5650.2,1127.8,4522.4,5650,19500,84,255.2,255.2,0.496,0,163.3,1673,90.1,2026-09-30T09:59:02Z,2026-09-30T10:03:27Z,False
1,baseline,none,256,640,1,5657.7,1144.1,4513.6,5658,39000,85,255.4,383.0,0.551,0,163.8,1658,90.0,2026-09-30T10:04:32Z,2026-09-30T10:08:57Z,False
1,baseline,none,256,768,1,5663.0,1137.6,4525.4,5663,39000,85,254.8,510.8,0.507,0,164.1,1662,90.2,2026-09-30T10:10:17Z,2026-09-30T10:14:42Z,False
2,MIG whole GPU seqs 256,2g.32gb,256,16,1,2219.5,492.4,1727.1,2219,41,17,15.9,0.0,0.048,0,165.0,2052,79.4,2026-09-30T10:23:37Z,2026-09-30T10:28:02Z,True
2,MIG whole GPU seqs 256,2g.32gb,256,32,1,3514.9,764.5,2750.5,3515,58,24,31.8,0.0,0.08,0,165.1,1842,85.9,2026-09-30T10:29:07Z,2026-09-30T10:33:32Z,True
2,MIG whole GPU seqs 256,2g.32gb,256,64,1,5091.6,1065.2,4026.4,5092,77,29,63.4,0.0,0.138,0,165.0,1794,87.7,2026-09-30T10:34:37Z,2026-09-30T10:39:02Z,True
2,MIG whole GPU seqs 256,2g.32gb,256,96,1,5388.8,1098.8,4289.9,5389,100,47,95.1,0.0,0.231,0,165.0,1765,87.6,2026-09-30T10:40:07Z,2026-09-30T10:44:32Z,True
2,MIG whole GPU seqs 256,2g.32gb,256,128,1,5588.7,1132.5,4456.1,5589,217,48,127.3,0.0,0.253,0,165.0,1785,87.2,2026-09-30T10:45:37Z,2026-09-30T10:50:02Z,True
2,MIG whole GPU seqs 256,2g.32gb,256,192,1,5433.2,1107.7,4325.5,5433,243,74,190.6,0.0,0.412,0,165.0,1793,87.9,2026-09-30T10:51:22Z,2026-09-30T10:55:47Z,True
2,MIG whole GPU seqs 256,2g.32gb,256,256,1,5432.7,1098.3,4334.4,5433,245,93,254.0,0.0,0.533,0,165.1,1803,86.6,2026-09-30T10:56:52Z,2026-09-30T11:01:17Z,True
2,MIG whole GPU seqs 256,2g.32gb,256,320,1,5409.5,1091.3,4318.2,5410,4980,94,254.7,62.7,0.522,0,165.0,1794,87.3,2026-09-30T11:02:22Z,2026-09-30T11:06:47Z,False
2,MIG whole GPU seqs 256,2g.32gb,256,384,1,5390.3,1083.8,4306.5,5390,9874,95,255.2,126.8,0.504,0,165.0,1797,88.1,2026-09-30T11:07:52Z,2026-09-30T11:12:17Z,False
2,MIG whole GPU seqs 256,2g.32gb,256,512,1,5333.7,1068.5,4265.2,5334,19500,95,255.0,254.8,0.528,0,164.4,1763,89.2,2026-09-30T11:13:22Z,2026-09-30T11:17:47Z,False
2,MIG whole GPU seqs 256,2g.32gb,256,640,1,5279.8,1057.7,4222.1,5280,39000,96,255.0,382.9,0.515,0,162.7,1746,89.3,2026-09-30T11:18:52Z,2026-09-30T11:23:17Z,False
2,MIG whole GPU seqs 256,2g.32gb,256,768,1,5319.3,1083.4,4236.0,5319,39000,96,255.2,510.8,0.537,0,162.8,1764,88.8,2026-09-30T11:24:22Z,2026-09-30T11:28:47Z,False
3,MIG whole GPU seqs 512,2g.32gb,512,16,1,2224.4,493.5,1731.0,2224,40,17,15.9,0.0,0.048,0,165.0,2048,80.8,2026-09-30T11:38:24Z,2026-09-30T11:42:49Z,True
3,MIG whole GPU seqs 512,2g.32gb,512,32,1,3545.6,771.5,2774.1,3546,58,24,31.4,0.0,0.079,0,165.0,1870,83.2,2026-09-30T11:43:54Z,2026-09-30T11:48:19Z,True
3,MIG whole GPU seqs 512,2g.32gb,512,64,1,5155.0,1072.9,4082.1,5155,76,28,63.6,0.0,0.146,0,165.0,1846,82.4,2026-09-30T11:49:24Z,2026-09-30T11:53:49Z,True
3,MIG whole GPU seqs 512,2g.32gb,512,96,1,5369.8,1096.7,4273.0,5370,99,47,95.4,0.0,0.232,0,164.9,1775,87.2,2026-09-30T11:54:54Z,2026-09-30T11:59:19Z,True
3,MIG whole GPU seqs 512,2g.32gb,512,128,1,5527.1,1120.9,4406.2,5527,220,48,127.1,0.0,0.254,0,164.7,1764,89.1,2026-09-30T12:00:24Z,2026-09-30T12:04:49Z,True
3,MIG whole GPU seqs 512,2g.32gb,512,192,1,5356.1,1096.7,4259.5,5356,243,74,190.9,0.0,0.44,0,163.8,1761,89.7,2026-09-30T12:06:09Z,2026-09-30T12:10:34Z,True
3,MIG whole GPU seqs 512,2g.32gb,512,256,1,5295.1,1070.0,4225.0,5295,246,95,254.1,0.0,0.57,0,162.9,1786,89.9,2026-09-30T12:11:39Z,2026-09-30T12:16:04Z,True
3,MIG whole GPU seqs 512,2g.32gb,512,320,1,5130.0,1036.3,4093.7,5130,461,119,317.9,0.0,0.668,0,163.7,1766,90.0,2026-09-30T12:17:09Z,2026-09-30T12:21:34Z,True
3,MIG whole GPU seqs 512,2g.32gb,512,384,1,4806.3,989.0,3817.3,4806,486,149,380.9,0.0,0.774,0,164.6,1706,89.2,2026-09-30T12:22:39Z,2026-09-30T12:27:04Z,True
3,MIG whole GPU seqs 512,2g.32gb,512,512,1,4230.7,863.6,3367.0,4231,652,199,507.9,0.0,0.992,21,165.0,1653,86.1,2026-09-30T12:28:09Z,2026-09-30T12:32:34Z,True
3,MIG whole GPU seqs 512,2g.32gb,512,640,1,4254.1,880.7,3373.4,4254,19218,200,509.6,125.8,0.989,150,165.0,1656,85.5,2026-09-30T12:33:39Z,2026-09-30T12:38:04Z,False
3,MIG whole GPU seqs 512,2g.32gb,512,768,1,4289.9,891.2,3398.7,4290,38447,204,507.3,255.9,0.989,136,165.0,1671,84.4,2026-09-30T12:39:09Z,2026-09-30T12:43:34Z,False
4,MIG half GPU seqs 256,1g.16gb,256,16,2,1360.1,293.6,1066.6,667 / 693,70,24,15.8,0.0,0.067,0,165.0,2126,77.0,2026-09-30T12:57:14Z,2026-09-30T13:01:39Z,True
4,MIG half GPU seqs 256,1g.16gb,256,32,2,2414.4,531.2,1883.2,985 / 1430,79,24,31.8,0.0,0.134,0,165.0,1973,81.7,2026-09-30T13:02:44Z,2026-09-30T13:07:09Z,True
4,MIG half GPU seqs 256,1g.16gb,256,64,2,3948.9,816.4,3132.4,2142 / 1807,96,38,63.5,0.0,0.215,0,165.0,1905,78.6,2026-09-30T13:08:14Z,2026-09-30T13:12:39Z,True
4,MIG half GPU seqs 256,1g.16gb,256,96,2,4973.7,1043.7,3930.1,2388 / 2586,177,44,95.2,0.0,0.351,0,165.0,1890,78.4,2026-09-30T13:13:44Z,2026-09-30T13:18:09Z,True
4,MIG half GPU seqs 256,1g.16gb,256,128,2,5424.9,1103.5,4321.4,2702 / 2722,229,49,127.2,0.0,0.456,0,165.0,1855,78.9,2026-09-30T13:19:14Z,2026-09-30T13:23:39Z,True
4,MIG half GPU seqs 256,1g.16gb,256,192,2,5906.8,1186.6,4720.1,2907 / 2999,243,72,190.7,0.0,0.583,0,165.0,1850,78.6,2026-09-30T13:24:44Z,2026-09-30T13:29:09Z,True
4,MIG half GPU seqs 256,1g.16gb,256,256,2,5833.2,1172.5,4660.7,2824 / 3009,248,96,254.2,0.0,0.786,0,165.0,1871,78.7,2026-09-30T13:30:14Z,2026-09-30T13:34:39Z,True
4,MIG half GPU seqs 256,1g.16gb,256,320,2,5742.8,1144.4,4598.4,2924 / 2818,444,107,318.3,0.0,0.972,0,165.1,1842,79.0,2026-09-30T13:35:44Z,2026-09-30T13:40:09Z,True
4,MIG half GPU seqs 256,1g.16gb,256,384,2,5611.6,1098.6,4513.0,2841 / 2771,2286,148,376.2,5.3,1.0,1313,165.0,1821,78.9,2026-09-30T13:41:29Z,2026-09-30T13:45:54Z,False
4,MIG half GPU seqs 256,1g.16gb,256,512,2,5537.9,1085.8,4452.1,2811 / 2727,15200,198,407.9,101.1,1.0,7046,165.0,1755,81.9,2026-09-30T13:46:59Z,2026-09-30T13:51:24Z,False
4,MIG half GPU seqs 256,1g.16gb,256,640,2,5542.2,1103.1,4439.0,2823 / 2720,24601,198,401.0,235.2,1.0,7332,165.0,1751,82.3,2026-09-30T13:52:29Z,2026-09-30T13:56:54Z,False
4,MIG half GPU seqs 256,1g.16gb,256,768,2,5575.5,1127.8,4447.7,2852 / 2723,38297,199,393.4,371.3,1.0,7117,165.0,1749,82.3,2026-09-30T13:57:59Z,2026-09-30T14:02:24Z,False
5,MIG half GPU seqs 128,1g.16gb,128,16,2,1362.2,293.2,1069.0,765 / 597,69,24,15.9,0.0,0.072,0,165.0,2130,74.7,2026-09-30T14:17:37Z,2026-09-30T14:22:02Z,True
5,MIG half GPU seqs 128,1g.16gb,128,32,2,2436.3,533.6,1902.7,1392 / 1044,79,24,31.9,0.0,0.123,0,165.0,2000,77.9,2026-09-30T14:23:07Z,2026-09-30T14:27:32Z,True
5,MIG half GPU seqs 128,1g.16gb,128,64,2,3944.3,805.7,3138.6,1852 / 2092,96,38,63.2,0.0,0.239,0,165.0,1902,79.2,2026-09-30T14:28:52Z,2026-09-30T14:33:17Z,True
5,MIG half GPU seqs 128,1g.16gb,128,96,2,4966.4,1038.2,3928.2,2540 / 2427,177,44,95.3,0.0,0.334,0,165.1,1882,79.7,2026-09-30T14:34:22Z,2026-09-30T14:38:47Z,True
5,MIG half GPU seqs 128,1g.16gb,128,128,2,5387.1,1097.9,4289.3,2740 / 2647,231,50,127.1,0.0,0.425,0,165.0,1847,79.8,2026-09-30T14:39:52Z,2026-09-30T14:44:17Z,True
5,MIG half GPU seqs 128,1g.16gb,128,192,2,5873.3,1169.8,4703.5,2858 / 3015,244,72,190.6,0.0,0.584,0,164.9,1827,80.7,2026-09-30T14:45:22Z,2026-09-30T14:49:47Z,True
5,MIG half GPU seqs 128,1g.16gb,128,256,2,6060.0,1200.5,4859.5,3014 / 3046,1674,96,248.6,5.1,0.724,0,165.0,1847,81.1,2026-09-30T14:50:52Z,2026-09-30T14:55:17Z,False
5,MIG half GPU seqs 128,1g.16gb,128,320,2,6061.0,1211.5,4849.5,2980 / 3081,5342,96,255.3,62.7,0.735,0,165.0,1844,81.1,2026-09-30T14:56:22Z,2026-09-30T15:00:47Z,False
5,MIG half GPU seqs 128,1g.16gb,128,384,2,6055.5,1199.5,4856.0,3017 / 3039,9789,97,255.2,126.7,0.763,0,164.9,1857,82.0,2026-09-30T15:01:52Z,2026-09-30T15:06:17Z,False
5,MIG half GPU seqs 128,1g.16gb,128,512,2,6059.7,1204.3,4855.4,2998 / 3062,19500,96,254.4,254.9,0.737,0,165.0,1844,80.7,2026-09-30T15:07:22Z,2026-09-30T15:11:47Z,False
5,MIG half GPU seqs 128,1g.16gb,128,640,2,6060.5,1216.4,4844.1,2987 / 3074,38852,97,255.4,382.8,0.759,0,165.0,1851,80.7,2026-09-30T15:12:52Z,2026-09-30T15:17:17Z,False
5,MIG half GPU seqs 128,1g.16gb,128,768,2,6063.3,1230.8,4832.5,3006 / 3057,39000,97,255.1,510.8,0.794,0,164.9,1851,80.6,2026-09-30T15:18:22Z,2026-09-30T15:22:47Z,False
6,MIG half GPU seqs 384,1g.16gb,384,16,2,1359.3,290.7,1068.6,738 / 621,69,24,15.9,0.0,0.081,0,165.0,2152,72.9,2026-09-30T15:37:59Z,2026-09-30T15:42:24Z,True
6,MIG half GPU seqs 384,1g.16gb,384,32,2,2352.5,519.5,1833.0,1651 / 701,80,25,31.8,0.0,0.185,0,165.0,2016,77.8,2026-09-30T15:43:29Z,2026-09-30T15:47:54Z,True
6,MIG half GPU seqs 384,1g.16gb,384,64,2,3965.1,840.8,3124.3,1819 / 2147,99,37,63.5,0.0,0.252,0,165.0,1909,77.2,2026-09-30T15:48:59Z,2026-09-30T15:53:24Z,True
6,MIG half GPU seqs 384,1g.16gb,384,96,2,4983.7,1029.9,3953.8,2522 / 2462,168,44,95.1,0.0,0.317,0,165.0,1910,75.1,2026-09-30T15:54:29Z,2026-09-30T15:59:09Z,True
6,MIG half GPU seqs 384,1g.16gb,384,128,2,5486.7,1113.2,4373.5,2787 / 2700,227,49,127.1,0.0,0.435,0,165.0,1868,76.5,2026-09-30T16:00:14Z,2026-09-30T16:04:39Z,True
6,MIG half GPU seqs 384,1g.16gb,384,192,2,5904.7,1178.0,4726.7,3021 / 2884,243,72,191.1,0.0,0.687,0,164.9,1850,77.8,2026-09-30T16:05:44Z,2026-09-30T16:10:09Z,True
6,MIG half GPU seqs 384,1g.16gb,384,256,2,5835.0,1155.4,4679.6,2852 / 2983,249,96,254.3,0.0,0.801,0,165.0,1850,77.9,2026-09-30T16:11:14Z,2026-09-30T16:15:39Z,True
6,MIG half GPU seqs 384,1g.16gb,384,320,2,5711.8,1132.3,4579.4,2910 / 2802,446,118,317.9,0.0,0.959,17,165.0,1852,78.4,2026-09-30T16:16:44Z,2026-09-30T16:21:09Z,True
6,MIG half GPU seqs 384,1g.16gb,384,384,2,5648.2,1122.9,4525.3,2864 / 2785,2650,149,373.7,7.5,1.0,1858,160.4,1855,77.7,2026-09-30T16:22:14Z,2026-09-30T16:26:39Z,False
6,MIG half GPU seqs 384,1g.16gb,384,512,2,5624.9,1130.0,4495.0,2856 / 2769,17142,195,385.7,123.1,1.0,7512,158.5,1825,76.6,2026-09-30T16:27:44Z,2026-09-30T16:32:09Z,False
6,MIG half GPU seqs 384,1g.16gb,384,640,2,5665.7,1158.8,4506.9,2888 / 2777,20769,199,389.2,248.1,1.0,7221,158.5,1804,76.6,2026-09-30T16:33:14Z,2026-09-30T16:37:39Z,False
6,MIG half GPU seqs 384,1g.16gb,384,768,2,5621.5,1132.7,4488.7,2887 / 2734,38463,196,390.9,373.7,1.0,7339,158.5,1814,76.3,2026-09-30T16:38:44Z,2026-09-30T16:43:09Z,False
7,no MIG repeat,none,256,16,1,2306.1,512.8,1793.3,2306,40,10,15.9,0.0,0.054,0,165.0,2047,73.3,2026-09-30T16:54:09Z,2026-09-30T16:58:34Z,True
7,no MIG repeat,none,256,32,1,3719.4,785.4,2934.0,3719,53,24,31.5,0.0,0.083,0,165.0,1887,76.3,2026-09-30T16:59:39Z,2026-09-30T17:04:04Z,True
7,no MIG repeat,none,256,64,1,5461.3,1113.5,4347.8,5461,69,25,63.7,0.0,0.134,0,165.0,1841,76.9,2026-09-30T17:05:09Z,2026-09-30T17:09:34Z,True
7,no MIG repeat,none,256,96,1,5823.0,1174.5,4648.5,5823,91,46,95.4,0.0,0.228,0,165.0,1749,77.1,2026-09-30T17:10:39Z,2026-09-30T17:15:04Z,True
7,no MIG repeat,none,256,128,1,6093.3,1211.3,4881.9,6093,182,48,127.1,0.0,0.297,0,165.0,1753,77.2,2026-09-30T17:16:09Z,2026-09-30T17:20:34Z,True
7,no MIG repeat,none,256,192,1,5960.2,1189.4,4770.7,5960,241,71,190.7,0.0,0.413,0,165.1,1738,78.1,2026-09-30T17:21:39Z,2026-09-30T17:26:04Z,True
7,no MIG repeat,none,256,256,1,5946.0,1186.2,4759.8,5946,243,75,254.3,0.0,0.508,0,165.0,1781,78.3,2026-09-30T17:27:09Z,2026-09-30T17:31:34Z,True
7,no MIG repeat,none,256,320,1,5954.9,1187.4,4767.5,5955,4876,75,255.0,63.1,0.502,0,164.9,1762,78.3,2026-09-30T17:32:39Z,2026-09-30T17:37:04Z,False
7,no MIG repeat,none,256,384,1,5955.6,1195.7,4759.9,5956,9701,76,255.6,126.8,0.518,0,164.9,1761,78.9,2026-09-30T17:38:24Z,2026-09-30T17:42:49Z,False
7,no MIG repeat,none,256,512,1,5939.2,1178.4,4760.8,5939,19500,76,255.1,254.3,0.522,0,165.0,1762,78.9,2026-09-30T17:43:54Z,2026-09-30T17:48:19Z,False
7,no MIG repeat,none,256,640,1,5898.1,1169.6,4728.5,5898,38912,77,254.9,382.6,0.517,0,165.1,1777,78.6,2026-09-30T17:49:24Z,2026-09-30T17:53:49Z,False
7,no MIG repeat,none,256,768,1,5894.6,1195.6,4699.0,5895,39000,80,255.2,511.4,0.537,0,165.0,1775,78.8,2026-09-30T17:54:54Z,2026-09-30T17:59:19Z,False
