experiment,step,state,sharing_mode,gpu_memory_utilization,max_num_seqs,max_num_batched_tokens,stream_interval,akamas_score,start,end,window_start,window_end,prefill_tps,decode_tps,ttft_p95_ms,itl_p95_ms,running,kv_usage,gpu_power_w,gpu_sm_clock
1,baseline step,FINISHED,exclusive,0.9,256,2048,1,6201.97333333333,2026-09-29T21:25:24.695,2026-09-29T22:38:44.479,2026-09-29T21:55:54.695,2026-09-29T21:58:24.695,1344.1000000000001,4857.873333333334,188.23679198160326,47.98478711016901,127.0,0.21822481634296065,,
2,Preset MIG step,FINISHED,mig,0.9,256,2048,1,5277.74666666667,2026-09-29T22:39:40.672,2026-09-29T23:56:52.007,2026-09-29T23:29:40.672,2026-09-29T23:32:10.672,1298.7066666666667,3979.0400000000004,778.4808401743861,131.01798181592574,318.3333333333333,0.7368809523809524,,
3,Preset time slicing step,FINISHED,time_slicing,0.9,256,2048,1,5312.29333333333,2026-09-29T23:59:27.876,2026-09-30T01:16:17.275,2026-09-30T00:39:27.876,2026-09-30T00:41:57.876,1138.8333333333333,4173.46,245.07171986368954,74.52279840438179,190.16666666666666,0.47971241457858765,,
4,Preset MPS step,FINISHED,mps,0.9,256,2048,1,5662.62,2026-09-30T01:18:45.852,2026-09-30T02:35:53.243,2026-09-30T02:08:45.852,2026-09-30T02:11:15.852,1379.1866666666667,4283.433333333333,748.3638277752665,121.60468881302167,318.0,0.780238298680338,,
5,optimize step,FINISHED,exclusive,0.8208046185628091,265,4276,1,6176.34666666667,2026-09-30T02:38:50.826,2026-09-30T03:51:52.922,2026-09-30T03:09:20.826,2026-09-30T03:11:50.826,1343.1066666666668,4833.240000000001,184.56976869459763,47.902688667942215,127.0,0.24543145283591147,,
6,optimize step,FINISHED,exclusive,0.8837606840571123,149,1024,16,6151.14,2026-09-30T03:53:33.754,2026-09-30T05:06:22.011,2026-09-30T04:23:03.754,2026-09-30T04:25:33.754,1309.3733333333332,4841.766666666666,203.22284839281784,47.864010608825915,126.83333333333333,0.22560332210082032,,
7,optimize step,FINISHED,exclusive,0.9,768,1024,1,5213.03333333333,2026-09-30T05:07:46.169,2026-09-30T06:20:34.446,2026-09-30T05:53:16.169,2026-09-30T05:55:46.169,1299.4333333333334,3913.6000000000004,669.1407450076803,103.94469505489008,318.1666666666667,0.5517752536076582,,
8,optimize step,FINISHED,mps,0.8111481220658758,768,8192,16,5798.52666666667,2026-09-30T06:22:04.350,2026-09-30T07:39:11.171,2026-09-30T07:06:34.350,2026-09-30T07:09:04.350,1341.3466666666666,4457.18,603.6437576578727,91.46302201543853,254.33333333333334,0.8134434545904479,165.01666666666668,1580.8333333333333
9,optimize step,ABORTED,exclusive,0.9,229,8131,1,,2026-09-30T07:41:57.819,2026-09-30T08:30:11.077,,,,,,,,,,
