t,total_tok_s,gen_tok_s,req_s,ttft_p95_ms,itl_p95_ms,running,waiting,kv_pct,preempt_s,cpu_vllm,cpu_aiperf,gpu_util_pct,gpu_power_w
15:57:18,0.0,0.0,0.0,242.29166666666666,48.69021782949903,0.0,0.0,0.0,0.0,0.17154450017843714,0.4022400054382088,0.0,111.303
15:57:48,0.0,0.0,0.0,242.5,48.64540677384867,0.0,0.0,0.0,0.0,0.1116563279100259,0.030197930027348607,0.0,106.462
15:58:18,0.0,0.0,0.0,242.5,48.541373274856156,0.0,0.0,0.0,0.0,0.07352633789506867,0.3785340230824233,0.0,104.652
15:58:48,158.2,138.44,0.0,98.66666666666667,46.554662379421224,4.0,0.0,5.984687174375935,0.0,0.03155054683515577,0.6506760394991594,100.0,242.714
15:59:18,263.6,258.16,0.12,97.33333333333333,24.266563841201716,4.0,0.0,6.541929053594886,0.0,0.0975261805017319,0.8624136366849924,100.0,246.388
15:59:48,55.24,55.24,0.08,97.33333333333333,24.23234420234649,0.0,0.0,0.0,0.0,0.1513957783898884,0.7662725680682803,0.0,108.072
16:00:18,0.0,0.0,0.0,97.33333333333333,24.23234420234649,0.0,0.0,0.0,0.0,0.1496401202675569,0.6995783044025159,0.0,106.595
16:00:48,21.400000000000002,19.44,0.0,97.0,24.20463202803596,1.0,0.0,0.8471888732840993,0.0,0.10912811793671323,0.4257354405944522,0.0,104.329
16:01:18,36.28,34.28,0.04,58.33333333333333,24.04550333969466,1.0,0.0,0.34884247723463435,0.0,0.09919343586345275,0.3895316952153505,0.0,105.725
16:01:48,251.44,227.52,0.08,77.0,23.91412940057089,6.0,0.0,6.392425134780044,0.0,0.1414728044024534,0.17874285527739436,100.0,250.227
16:02:18,429.24,408.28000000000003,0.24,90.0,35.0975864123957,11.0,0.0,10.365605037829017,0.0,0.20323081062899404,0.028727152304487448,100.0,257.889
16:02:48,501.56,468.08,0.16,98.33333333333333,46.57350316404349,15.0,0.0,17.963122366692343,0.0,0.20674113009198453,0.03203510419724088,100.0,262.888
16:03:18,634.6,613.5600000000001,0.28,193.74999999999986,47.9088249835201,23.0,0.0,26.22661169754904,0.0,0.20888242333040238,0.03476776279832381,100.0,265.247
16:03:48,765.8,730.12,0.28,227.49999999999997,48.31626488555521,33.0,0.0,37.122276083903415,0.0,0.19944333004554887,0.03754359100778435,100.0,261.576
16:04:18,967.96,868.4,0.6,236.70454545454544,48.63449565746386,40.0,0.0,45.99284193358402,0.0,0.2010634041559654,0.04089923808622413,100.0,273.734
16:04:48,950.84,928.6,0.64,239.5238095238095,48.78418458214519,42.0,0.0,46.56820549993205,0.0,0.20484040099960463,0.0445903431999213,100.0,274.452
16:05:18,995.52,948.28,0.6,240.9451219512195,48.81501461667146,47.0,0.0,50.4598378109002,0.0,0.21192060921613645,0.04861033461240224,100.0,277.307
16:05:48,1154.96,1096.1200000000001,0.64,241.8316831683168,48.98152555539477,52.0,0.0,54.60517374167535,0.0,0.2139927370494496,0.05087435325390438,100.0,278.398
16:06:18,1195.6799999999998,1117.84,0.52,242.0183486238532,49.72752206489761,61.0,0.0,70.53866714991166,0.0,0.22123828051795055,0.0546758761221155,100.0,282.368
16:06:48,1375.2,1291.04,0.64,242.0434782608696,70.58322257613602,72.0,0.0,82.4129026412359,0.0,0.2281670484509743,0.05690356761565835,100.0,292.704
16:07:18,1423.72,1367.4,0.68,242.27272727272728,72.52430551438766,82.0,0.0,89.68422960177593,0.0,0.2375616902009463,0.05952268634291415,100.0,295.545
16:07:48,1701.4,1459.64,1.16,248.5535714285714,73.364157537205,86.0,0.0,97.97490146332623,0.563072,0.24772497116957637,0.06365652065081359,100.0,292.304
16:08:18,1224.96,1196.64,0.72,912.4999999999972,73.83853328648135,66.0,34.0,99.48806233860373,1.52,0.25379322202233695,0.06739629080284171,100.0,295.411
16:08:48,1548.44,1363.56,0.84,33956.521739130425,74.19204547841062,83.0,35.0,99.07579395641734,2.8000000000000003,0.257323221650679,0.0670774311728894,100.0,280.578
16:09:18,1451.44,1288.8,0.88,37365.38461538461,74.39072023406416,75.0,62.0,99.36121052870021,3.44,0.2583556565779838,0.06815440884016115,100.0,281.897
16:09:48,1443.2800000000002,1369.1200000000001,0.76,38257.57575757576,74.58799099935095,77.0,82.0,99.03502016037693,3.4,0.26115350373209945,0.06751749794088033,100.0,278.046
16:10:18,1581.9199999999998,1490.84,0.96,74040.8163265306,74.77943314932004,86.0,91.0,99.9864087346532,9.040000000000001,0.26833345674688536,0.07034143060533174,100.0,296.335
