Metric,avg,min,max,sum,p1,p5,p10,p25,p50,p75,p90,p95,p99,std
E2E Output Token Throughput (tokens/sec/user),91.62,25.09,103.50,302795.06,73.33,81.97,84.23,88.99,92.56,95.45,97.56,99.28,101.86,6.16
HTTP Blocked (ms),0.00,0.00,0.00,0.00,0.00,0.00,0.00,0.00,0.00,0.00,0.00,0.00,0.00,0.00
HTTP Chunks Received,265.54,2.00,1237.00,877625.00,12.04,32.00,61.00,126.00,245.00,359.00,507.60,616.80,770.00,177.28
HTTP Chunks Sent,1.00,1.00,1.00,3305.00,1.00,1.00,1.00,1.00,1.00,1.00,1.00,1.00,1.00,0.00
HTTP Connecting (ms),0.02,0.00,5.74,81.73,0.00,0.00,0.00,0.00,0.00,0.00,0.00,0.00,0.00,0.27
HTTP Connection Overhead (ms),0.03,0.00,9.70,89.04,0.00,0.00,0.00,0.00,0.00,0.00,0.00,0.00,0.00,0.32
HTTP Connection Reused (ratio),0.99,0.00,1.00,3273.00,1.00,1.00,1.00,1.00,1.00,1.00,1.00,1.00,1.00,0.10
HTTP Data Received (KB),62.70,0.81,287.80,207235.51,3.17,7.88,14.68,30.01,57.82,84.64,119.29,145.01,181.27,41.59
HTTP Data Sent (KB),0.38,0.11,5.64,1271.17,0.12,0.13,0.13,0.15,0.19,0.34,0.65,1.33,3.67,0.60
HTTP DNS Lookup (ms),0.00,0.00,3.95,7.31,0.00,0.00,0.00,0.00,0.00,0.00,0.00,0.00,0.00,0.09
HTTP Duration (excl. conn) (ms),2881.94,50.83,13258.29,9524823.37,161.92,372.92,673.21,1371.72,2647.21,3895.13,5553.91,6779.46,8539.04,1930.50
HTTP Receiving (ms),2845.82,14.86,13226.82,9405421.02,126.13,338.09,635.16,1330.41,2608.83,3861.25,5522.26,6742.26,8494.93,1930.15
HTTP Sending (ms),0.13,0.04,5.91,420.86,0.05,0.07,0.07,0.09,0.11,0.12,0.13,0.13,0.41,0.27
HTTP Total Time (ms),2881.97,50.83,13258.29,9524912.41,161.92,372.92,673.21,1371.72,2647.21,3895.13,5553.91,6779.46,8539.04,1930.50
HTTP Waiting (TTFB) (ms),36.00,25.04,121.21,118981.50,28.15,29.47,30.19,31.49,33.29,36.35,41.79,54.38,78.14,10.17
Inter Chunk Latency (ms),10.82,0.00,72.75,9398472.42,8.42,9.30,9.52,9.82,10.17,10.70,12.86,14.47,21.67,2.96
Inter Token Latency (ms),10.73,8.65,15.27,35443.49,9.61,9.87,10.08,10.33,10.64,11.03,11.52,11.92,12.58,0.61
Output Sequence Length (tokens),265.35,1.00,1237.00,876987.00,11.04,32.00,60.00,126.00,245.00,359.00,507.00,616.80,770.00,177.42
Output Token Count (tokens),265.35,1.00,1237.00,876987.00,11.04,32.00,60.00,126.00,245.00,359.00,507.00,616.80,770.00,177.42
Output Token Throughput Per User (tokens/sec/user),93.51,65.49,115.56,308953.51,79.49,83.86,86.82,90.64,94.03,96.78,99.18,101.27,104.01,5.11
Request Latency (ms),2879.89,36.02,13258.34,9518026.30,152.15,365.74,668.80,1366.32,2647.24,3895.19,5545.72,6777.28,8539.08,1931.94
Time to First Output Token (ms),36.17,25.23,125.65,119553.88,28.31,29.63,30.34,31.64,33.44,36.50,41.95,54.51,78.26,10.30
Time to First Token (ms),36.17,25.23,125.65,119553.88,28.31,29.63,30.34,31.64,33.44,36.50,41.95,54.51,78.26,10.30
Time to Second Token (ms),10.86,0.00,65.77,35897.40,7.82,9.15,9.38,9.68,10.02,10.56,12.74,14.47,28.96,4.50

Metric,Value
Benchmark Duration (sec),299.98
Good Request Count,3304.00
GoodRequestFraction (ratio),1.00
Goodput (requests/sec),11.01
Output Token Throughput (tokens/sec),2923.53
Request Count,3305.00
Request Throughput (requests/sec),11.02
Total Output Sequence Length (tokens),876987.00
Total Output Tokens (tokens),876987.00


Endpoint,GPU_Index,GPU_Name,GPU_UUID,Metric,avg,min,max,sum,p1,p5,p10,p25,p50,p75,p90,p95,p99,std
