concurrency,benchmark_duration_mean,benchmark_duration_std,benchmark_duration_min,benchmark_duration_max,benchmark_duration_cv,e2e_output_token_throughput_mean,e2e_output_token_throughput_std,e2e_output_token_throughput_min,e2e_output_token_throughput_max,e2e_output_token_throughput_cv,good_request_count_mean,good_request_count_std,good_request_count_min,good_request_count_max,good_request_count_cv,good_request_fraction_mean,good_request_fraction_std,good_request_fraction_min,good_request_fraction_max,good_request_fraction_cv,goodput_mean,goodput_std,goodput_min,goodput_max,goodput_cv,http_req_blocked_mean,http_req_blocked_std,http_req_blocked_min,http_req_blocked_max,http_req_blocked_cv,http_req_chunks_received_mean,http_req_chunks_received_std,http_req_chunks_received_min,http_req_chunks_received_max,http_req_chunks_received_cv,http_req_chunks_sent_mean,http_req_chunks_sent_std,http_req_chunks_sent_min,http_req_chunks_sent_max,http_req_chunks_sent_cv,http_req_connecting_mean,http_req_connecting_std,http_req_connecting_min,http_req_connecting_max,http_req_connecting_cv,http_req_connection_overhead_mean,http_req_connection_overhead_std,http_req_connection_overhead_min,http_req_connection_overhead_max,http_req_connection_overhead_cv,http_req_connection_reused_mean,http_req_connection_reused_std,http_req_connection_reused_min,http_req_connection_reused_max,http_req_connection_reused_cv,http_req_data_received_mean,http_req_data_received_std,http_req_data_received_min,http_req_data_received_max,http_req_data_received_cv,http_req_data_sent_mean,http_req_data_sent_std,http_req_data_sent_min,http_req_data_sent_max,http_req_data_sent_cv,http_req_dns_lookup_mean,http_req_dns_lookup_std,http_req_dns_lookup_min,http_req_dns_lookup_max,http_req_dns_lookup_cv,http_req_duration_mean,http_req_duration_std,http_req_duration_min,http_req_duration_max,http_req_duration_cv,http_req_receiving_mean,http_req_receiving_std,http_req_receiving_min,http_req_receiving_max,http_req_receiving_cv,http_req_sending_mean,http_req_sending_std,http_req_sending_min,http_req_sending_max,http_req_sending_cv,http_req_total_mean,http_req_total_std,http_req_total_min,http_req_total_max,http_req_total_cv,http_req_waiting_mean,http_req_waiting_std,http_req_waiting_min,http_req_waiting_max,http_req_waiting_cv,inter_chunk_latency_mean,inter_chunk_latency_std,inter_chunk_latency_min,inter_chunk_latency_max,inter_chunk_latency_cv,inter_token_latency_mean,inter_token_latency_std,inter_token_latency_min,inter_token_latency_max,inter_token_latency_cv,output_sequence_length_mean,output_sequence_length_std,output_sequence_length_min,output_sequence_length_max,output_sequence_length_cv,output_token_count_mean,output_token_count_std,output_token_count_min,output_token_count_max,output_token_count_cv,output_token_throughput_mean,output_token_throughput_std,output_token_throughput_min,output_token_throughput_max,output_token_throughput_cv,output_token_throughput_per_user_mean,output_token_throughput_per_user_std,output_token_throughput_per_user_min,output_token_throughput_per_user_max,output_token_throughput_per_user_cv,request_count_mean,request_count_std,request_count_min,request_count_max,request_count_cv,request_latency_mean,request_latency_std,request_latency_min,request_latency_max,request_latency_cv,request_throughput_mean,request_throughput_std,request_throughput_min,request_throughput_max,request_throughput_cv,time_to_first_output_token_mean,time_to_first_output_token_std,time_to_first_output_token_min,time_to_first_output_token_max,time_to_first_output_token_cv,time_to_first_token_mean,time_to_first_token_std,time_to_first_token_min,time_to_first_token_max,time_to_first_token_cv,time_to_second_token_mean,time_to_second_token_std,time_to_second_token_min,time_to_second_token_max,time_to_second_token_cv,total_osl_mean,total_osl_std,total_osl_min,total_osl_max,total_osl_cv,total_output_tokens_mean,total_output_tokens_std,total_output_tokens_min,total_output_tokens_max,total_output_tokens_cv
16,299.94,0.00,299.94,299.94,0.0000,111.83,0.00,40.43,119.70,0.0000,2044.00,0.00,2044.00,2044.00,0.0000,1.00,0.00,1.00,1.00,0.0000,6.81,0.00,6.81,6.81,0.0000,0.00,0.00,0.00,0.00,0.0000,263.15,0.00,4.00,1125.00,0.0000,1.00,0.00,1.00,1.00,0.0000,0.02,0.00,0.00,4.46,0.0000,0.02,0.00,0.00,7.59,0.0000,0.99,0.00,0.00,1.00,0.0000,62.15,0.00,1.29,264.57,0.0000,0.40,0.00,0.11,5.64,0.0000,0.00,0.00,0.00,3.13,0.0000,2336.35,0.00,52.92,10145.16,0.0000,2307.66,0.00,25.53,10113.33,0.0000,0.13,0.00,0.04,4.63,0.0000,2336.37,0.00,52.92,10145.16,0.0000,28.56,0.00,21.92,85.27,0.0000,8.85,0.00,0.00,60.66,0.0000,8.78,0.00,8.02,11.86,0.0000,262.99,0.00,3.00,1125.00,0.0000,262.99,0.00,3.00,1125.00,0.0000,1792.23,0.00,1792.23,1792.23,0.0000,114.05,0.00,84.35,124.71,0.0000,2044.00,0.00,2044.00,2044.00,0.0000,2334.77,0.00,44.09,10145.21,0.0000,6.81,0.00,6.81,6.81,0.0000,28.74,0.00,22.09,85.41,0.0000,28.74,0.00,22.09,85.41,0.0000,8.62,0.00,6.16,36.24,0.0000,537554.00,0.00,537554.00,537554.00,0.0000,537554.00,0.00,537554.00,537554.00,0.0000
32,299.98,0.00,299.98,299.98,0.0000,91.62,0.00,25.09,103.50,0.0000,3304.00,0.00,3304.00,3304.00,0.0000,1.00,0.00,1.00,1.00,0.0000,11.01,0.00,11.01,11.01,0.0000,0.00,0.00,0.00,0.00,0.0000,265.54,0.00,2.00,1237.00,0.0000,1.00,0.00,1.00,1.00,0.0000,0.02,0.00,0.00,5.74,0.0000,0.03,0.00,0.00,9.70,0.0000,0.99,0.00,0.00,1.00,0.0000,62.70,0.00,0.81,287.80,0.0000,0.38,0.00,0.11,5.64,0.0000,0.00,0.00,0.00,3.95,0.0000,2881.94,0.00,50.83,13258.29,0.0000,2845.82,0.00,14.86,13226.82,0.0000,0.13,0.00,0.04,5.91,0.0000,2881.97,0.00,50.83,13258.29,0.0000,36.00,0.00,25.04,121.21,0.0000,10.82,0.00,0.00,72.75,0.0000,10.73,0.00,8.65,15.27,0.0000,265.35,0.00,1.00,1237.00,0.0000,265.35,0.00,1.00,1237.00,0.0000,2923.53,0.00,2923.53,2923.53,0.0000,93.51,0.00,65.49,115.56,0.0000,3305.00,0.00,3305.00,3305.00,0.0000,2879.89,0.00,36.02,13258.34,0.0000,11.02,0.00,11.02,11.02,0.0000,36.17,0.00,25.23,125.65,0.0000,36.17,0.00,25.23,125.65,0.0000,10.86,0.00,0.00,65.77,0.0000,876987.00,0.00,876987.00,876987.00,0.0000,876987.00,0.00,876987.00,876987.00,0.0000
64,299.83,0.00,299.83,299.83,0.0000,67.57,0.00,12.13,84.84,0.0000,4892.00,0.00,4892.00,4892.00,0.0000,1.00,0.00,1.00,1.00,0.0000,16.32,0.00,16.32,16.32,0.0000,0.00,0.00,0.00,0.00,0.0000,262.56,0.00,2.00,1237.00,0.0000,1.00,0.00,1.00,1.00,0.0000,0.06,0.00,0.00,9.67,0.0000,0.06,0.00,0.00,16.97,0.0000,0.99,0.00,0.00,1.00,0.0000,62.00,0.00,0.81,287.97,0.0000,0.38,0.00,0.11,5.64,0.0000,0.00,0.00,0.00,7.30,0.0000,3856.31,0.00,67.25,18420.72,0.0000,3804.92,0.00,20.02,18378.99,0.0000,0.15,0.00,0.04,9.82,0.0000,3856.37,0.00,67.25,18420.72,0.0000,51.24,0.00,33.41,251.66,0.0000,14.63,0.00,1.34,101.69,0.0000,14.53,0.00,9.59,41.80,0.0000,262.36,0.00,1.00,1237.00,0.0000,262.36,0.00,1.00,1237.00,0.0000,4283.22,0.00,4283.22,4283.22,0.0000,69.12,0.00,23.93,104.28,0.0000,4895.00,0.00,4895.00,4895.00,0.0000,3853.47,0.00,47.12,18420.76,0.0000,16.33,0.00,16.33,16.33,0.0000,51.44,0.00,33.60,261.08,0.0000,51.44,0.00,33.60,261.08,0.0000,14.79,0.00,1.80,86.97,0.0000,1284249.00,0.00,1284249.00,1284249.00,0.0000,1284249.00,0.00,1284249.00,1284249.00,0.0000
96,299.97,0.00,299.97,299.97,0.0000,48.29,0.00,10.26,64.41,0.0000,5194.00,0.00,5194.00,5194.00,0.0000,1.00,0.00,1.00,1.00,0.0000,17.32,0.00,17.32,17.32,0.0000,0.00,0.00,0.00,0.00,0.0000,265.72,0.00,2.00,1237.00,0.0000,1.00,0.00,1.00,1.00,0.0000,0.63,0.00,0.00,52.34,0.0000,0.64,0.00,0.00,57.20,0.0000,0.98,0.00,0.00,1.00,0.0000,62.75,0.00,0.81,288.13,0.0000,0.38,0.00,0.11,5.64,0.0000,0.00,0.00,0.00,5.30,0.0000,5461.04,0.00,113.31,25175.22,0.0000,5387.92,0.00,17.79,25116.08,0.0000,0.73,0.00,0.04,52.50,0.0000,5461.67,0.00,113.31,25175.22,0.0000,72.38,0.00,37.38,444.40,0.0000,20.46,0.00,5.04,145.25,0.0000,20.32,0.00,13.54,49.64,0.0000,265.54,0.00,1.00,1237.00,0.0000,265.54,0.00,1.00,1237.00,0.0000,4599.54,0.00,4599.54,4599.54,0.0000,49.43,0.00,20.14,73.86,0.0000,5196.00,0.00,5196.00,5196.00,0.0000,5457.03,0.00,72.68,25175.25,0.0000,17.32,0.00,17.32,17.32,0.0000,73.16,0.00,42.59,448.16,0.0000,73.16,0.00,42.59,448.16,0.0000,20.99,0.00,5.04,111.77,0.0000,1379720.00,0.00,1379720.00,1379720.00,0.0000,1379720.00,0.00,1379720.00,1379720.00,0.0000
128,299.96,0.00,299.96,299.96,0.0000,37.95,0.00,10.09,51.69,0.0000,5427.00,0.00,5427.00,5427.00,0.0000,1.00,0.00,1.00,1.00,0.0000,18.09,0.00,18.09,18.09,0.0000,0.00,0.00,0.00,0.00,0.0000,266.89,0.00,2.00,1237.00,0.0000,1.00,0.00,1.00,1.00,0.0000,0.82,0.00,0.00,67.06,0.0000,0.82,0.00,0.00,71.05,0.0000,0.98,0.00,0.00,1.00,0.0000,63.02,0.00,0.81,287.62,0.0000,0.38,0.00,0.11,5.64,0.0000,0.00,0.00,0.00,4.39,0.0000,6969.92,0.00,115.06,31666.84,0.0000,6877.16,0.00,19.53,31594.51,0.0000,0.91,0.00,0.04,67.30,0.0000,6970.74,0.00,115.06,31666.84,0.0000,91.85,0.00,50.43,498.15,0.0000,26.01,0.00,2.88,225.14,0.0000,25.84,0.00,14.74,52.03,0.0000,266.69,0.00,1.00,1237.00,0.0000,266.69,0.00,1.00,1237.00,0.0000,4826.84,0.00,4826.84,4826.84,0.0000,38.85,0.00,19.22,67.86,0.0000,5429.00,0.00,5429.00,5429.00,0.0000,6964.90,0.00,95.57,31666.91,0.0000,18.10,0.00,18.10,18.10,0.0000,92.81,0.00,50.62,503.49,0.0000,92.81,0.00,50.62,503.49,0.0000,26.66,0.00,2.89,107.69,0.0000,1447861.00,0.00,1447861.00,1447861.00,0.0000,1447861.00,0.00,1447861.00,1447861.00,0.0000
192,299.99,0.00,299.99,299.99,0.0000,24.65,0.00,6.42,32.51,0.0000,5295.00,0.00,5295.00,5295.00,0.0000,1.00,0.00,1.00,1.00,0.0000,17.65,0.00,17.65,17.65,0.0000,0.00,0.00,0.00,0.00,0.0000,263.30,0.00,2.00,1125.00,0.0000,1.00,0.00,1.00,1.00,0.0000,1.15,0.00,0.00,82.46,0.0000,1.16,0.00,0.00,88.02,0.0000,0.96,0.00,0.00,1.00,0.0000,62.18,0.00,0.81,264.50,0.0000,0.38,0.00,0.11,5.64,0.0000,0.00,0.00,0.00,5.57,0.0000,10565.26,0.00,173.78,44899.83,0.0000,10417.50,0.00,27.38,44769.18,0.0000,1.24,0.00,0.04,82.62,0.0000,10566.42,0.00,173.78,44899.83,0.0000,146.52,0.00,59.75,1428.69,0.0000,39.94,0.00,10.65,255.93,0.0000,39.75,0.00,27.13,108.56,0.0000,263.09,0.00,1.00,1125.00,0.0000,263.09,0.00,1.00,1125.00,0.0000,4647.16,0.00,4647.16,4647.16,0.0000,25.24,0.00,9.21,36.86,0.0000,5299.00,0.00,5299.00,5299.00,0.0000,10557.49,0.00,135.50,44899.86,0.0000,17.66,0.00,17.66,17.66,0.0000,147.81,0.00,80.83,1433.26,0.0000,147.81,0.00,80.83,1433.26,0.0000,41.41,0.00,12.19,128.94,0.0000,1394110.00,0.00,1394110.00,1394110.00,0.0000,1394110.00,0.00,1394110.00,1394110.00,0.0000
256,299.93,0.00,299.93,299.93,0.0000,18.47,0.00,4.56,26.74,0.0000,5248.00,0.00,5248.00,5248.00,0.0000,0.99,0.00,0.99,0.99,0.0000,17.50,0.00,17.50,17.50,0.0000,0.00,0.00,0.00,0.00,0.0000,260.67,0.00,2.00,1237.00,0.0000,1.00,0.00,1.00,1.00,0.0000,1.12,0.00,0.00,66.37,0.0000,1.12,0.00,0.00,73.40,0.0000,0.95,0.00,0.00,1.00,0.0000,61.56,0.00,0.81,288.45,0.0000,0.38,0.00,0.11,5.64,0.0000,0.00,0.00,0.00,7.02,0.0000,13970.54,0.00,195.69,65644.67,0.0000,13764.58,0.00,34.64,65455.33,0.0000,1.22,0.00,0.04,66.55,0.0000,13971.67,0.00,195.69,65644.67,0.0000,204.74,0.00,56.75,1844.78,0.0000,53.30,0.00,0.00,350.16,0.0000,52.96,0.00,32.93,113.64,0.0000,260.46,0.00,1.00,1237.00,0.0000,260.46,0.00,1.00,1237.00,0.0000,4601.68,0.00,4601.68,4601.68,0.0000,18.95,0.00,8.80,30.36,0.0000,5299.00,0.00,5299.00,5299.00,0.0000,13960.15,0.00,161.10,65644.70,0.0000,17.67,0.00,17.67,17.67,0.0000,206.00,0.00,60.68,1849.14,0.0000,206.00,0.00,60.68,1849.14,0.0000,55.27,0.00,0.00,192.52,0.0000,1380196.00,0.00,1380196.00,1380196.00,0.0000,1380196.00,0.00,1380196.00,1380196.00,0.0000
320,299.84,0.00,299.84,299.84,0.0000,13.63,0.00,0.25,21.15,0.0000,197.00,0.00,197.00,197.00,0.0000,0.04,0.00,0.04,0.04,0.0000,0.66,0.00,0.66,0.66,0.0000,0.00,0.00,0.00,0.00,0.0000,260.99,0.00,2.00,1237.00,0.0000,1.00,0.00,1.00,1.00,0.0000,1.69,0.00,0.00,62.85,0.0000,1.69,0.00,0.00,63.86,0.0000,0.94,0.00,0.00,1.00,0.0000,61.63,0.00,0.81,287.75,0.0000,0.38,0.00,0.11,5.64,0.0000,0.00,0.00,0.00,4.79,0.0000,17404.30,0.00,1140.92,69089.86,0.0000,13824.65,0.00,34.43,66210.58,0.0000,1.79,0.00,0.04,62.98,0.0000,17405.99,0.00,1152.28,69089.86,0.0000,3577.87,0.00,50.42,5929.04,0.0000,53.46,0.00,9.72,312.03,0.0000,53.14,0.00,33.60,115.55,0.0000,260.79,0.00,1.00,1237.00,0.0000,260.79,0.00,1.00,1237.00,0.0000,4601.89,0.00,4601.89,4601.89,0.0000,18.88,0.00,8.65,29.76,0.0000,5291.00,0.00,5291.00,5291.00,0.0000,17393.73,0.00,1025.21,69089.91,0.0000,17.65,0.00,17.65,17.65,0.0000,3579.70,0.00,98.25,5986.78,0.0000,3579.70,0.00,98.25,5986.78,0.0000,55.70,0.00,12.88,156.18,0.0000,1379822.00,0.00,1379822.00,1379822.00,0.0000,1379822.00,0.00,1379822.00,1379822.00,0.0000
384,299.87,0.00,299.87,299.87,0.0000,11.34,0.00,0.12,21.70,0.0000,201.00,0.00,201.00,201.00,0.0000,0.04,0.00,0.04,0.04,0.0000,0.67,0.00,0.67,0.67,0.0000,0.00,0.00,0.00,0.00,0.0000,262.08,0.00,2.00,1237.00,0.0000,1.00,0.00,1.00,1.00,0.0000,2.31,0.00,0.00,109.85,0.0000,2.31,0.00,0.00,117.33,0.0000,0.93,0.00,0.00,1.00,0.0000,61.89,0.00,0.81,288.69,0.0000,0.38,0.00,0.11,5.64,0.0000,0.00,0.00,0.00,7.48,0.0000,20865.56,0.00,799.54,72125.22,0.0000,13875.46,0.00,34.34,66101.15,0.0000,2.40,0.00,0.03,110.01,0.0000,20867.86,0.00,816.13,72125.22,0.0000,6987.69,0.00,45.21,9562.46,0.0000,53.44,0.00,3.60,360.43,0.0000,53.09,0.00,33.07,111.84,0.0000,261.87,0.00,1.00,1237.00,0.0000,261.87,0.00,1.00,1237.00,0.0000,4599.60,0.00,4599.60,4599.60,0.0000,18.90,0.00,8.94,30.23,0.0000,5267.00,0.00,5267.00,5267.00,0.0000,20854.94,0.00,691.58,72125.26,0.0000,17.56,0.00,17.56,17.56,0.0000,6990.14,0.00,53.94,9565.14,0.0000,6990.14,0.00,53.94,9565.14,0.0000,54.93,0.00,3.60,146.51,0.0000,1379280.00,0.00,1379280.00,1379280.00,0.0000,1379280.00,0.00,1379280.00,1379280.00,0.0000
512,300.00,0.00,300.00,300.00,0.0000,8.76,0.00,0.06,21.21,0.0000,219.00,0.00,219.00,219.00,0.0000,0.04,0.00,0.04,0.04,0.0000,0.73,0.00,0.73,0.73,0.0000,0.00,0.00,0.00,0.00,0.0000,263.87,0.00,2.00,1237.00,0.0000,1.00,0.00,1.00,1.00,0.0000,2.77,0.00,0.00,73.98,0.0000,2.78,0.00,0.00,83.16,0.0000,0.90,0.00,0.00,1.00,0.0000,62.31,0.00,0.81,288.88,0.0000,0.39,0.00,0.11,5.64,0.0000,0.00,0.00,0.00,9.17,0.0000,27790.50,0.00,1250.75,78931.65,0.0000,14007.11,0.00,35.78,65181.89,0.0000,2.87,0.00,0.04,74.15,0.0000,27793.27,0.00,1271.44,78931.65,0.0000,13780.52,0.00,65.32,17050.61,0.0000,53.58,0.00,13.69,369.18,0.0000,53.34,0.00,30.46,113.95,0.0000,263.67,0.00,1.00,1237.00,0.0000,263.67,0.00,1.00,1237.00,0.0000,4590.55,0.00,4590.55,4590.55,0.0000,18.82,0.00,8.78,32.83,0.0000,5223.00,0.00,5223.00,5223.00,0.0000,27779.76,0.00,1137.44,78931.67,0.0000,17.41,0.00,17.41,17.41,0.0000,13783.44,0.00,119.98,17053.01,0.0000,13783.44,0.00,119.98,17053.01,0.0000,56.16,0.00,16.97,166.22,0.0000,1377146.00,0.00,1377146.00,1377146.00,0.0000,1377146.00,0.00,1377146.00,1377146.00,0.0000
640,299.97,0.00,299.97,299.97,0.0000,7.39,0.00,0.04,22.70,0.0000,260.00,0.00,260.00,260.00,0.0000,0.05,0.00,0.05,0.05,0.0000,0.87,0.00,0.87,0.87,0.0000,0.00,0.00,0.00,0.00,0.0000,265.17,0.00,2.00,1166.00,0.0000,1.00,0.00,1.00,1.00,0.0000,5.11,0.00,0.00,159.64,0.0000,5.11,0.00,0.00,159.64,0.0000,0.88,0.00,0.00,1.00,0.0000,62.62,0.00,0.81,272.45,0.0000,0.39,0.00,0.11,5.64,0.0000,0.00,0.00,0.00,7.00,0.0000,34716.40,0.00,1074.37,82950.92,0.0000,14182.26,0.00,34.50,62109.71,0.0000,5.20,0.00,0.04,159.70,0.0000,34721.51,0.00,1142.56,82950.92,0.0000,20528.93,0.00,97.11,25060.33,0.0000,53.98,0.00,0.00,348.15,0.0000,53.63,0.00,32.42,120.62,0.0000,264.96,0.00,1.00,1165.00,0.0000,264.96,0.00,1.00,1165.00,0.0000,4550.74,0.00,4550.74,4550.74,0.0000,18.74,0.00,8.29,30.85,0.0000,5152.00,0.00,5152.00,5152.00,0.0000,34705.72,0.00,964.90,82881.05,0.0000,17.18,0.00,17.18,17.18,0.0000,20534.18,0.00,159.85,25079.18,0.0000,20534.18,0.00,159.85,25079.18,0.0000,56.39,0.00,0.00,348.15,0.0000,1365090.00,0.00,1365090.00,1365090.00,0.0000,1365090.00,0.00,1365090.00,1365090.00,0.0000
768,299.94,0.00,299.94,299.94,0.0000,6.40,0.00,0.03,21.34,0.0000,193.00,0.00,193.00,193.00,0.0000,0.04,0.00,0.04,0.04,0.0000,0.64,0.00,0.64,0.64,0.0000,0.00,0.00,0.00,0.00,0.0000,266.20,0.00,2.00,1237.00,0.0000,1.00,0.00,1.00,1.00,0.0000,3.05,0.00,0.00,93.26,0.0000,3.06,0.00,0.00,93.26,0.0000,0.85,0.00,0.00,1.00,0.0000,62.86,0.00,0.81,288.31,0.0000,0.39,0.00,0.11,5.64,0.0000,0.00,0.00,0.00,5.05,0.0000,41496.76,0.00,1386.62,94106.52,0.0000,14298.64,0.00,34.51,65393.68,0.0000,3.15,0.00,0.04,93.35,0.0000,41499.81,0.00,1396.67,94106.52,0.0000,27194.97,0.00,88.01,34070.32,0.0000,54.20,0.00,0.00,305.09,0.0000,53.92,0.00,32.23,113.34,0.0000,265.99,0.00,1.00,1237.00,0.0000,265.99,0.00,1.00,1237.00,0.0000,4520.15,0.00,4520.15,4520.15,0.0000,18.63,0.00,8.82,31.02,0.0000,5097.00,0.00,5097.00,5097.00,0.0000,41486.14,0.00,1268.33,94106.58,0.0000,16.99,0.00,16.99,16.99,0.0000,27198.16,0.00,141.68,34072.66,0.0000,27198.16,0.00,141.68,34072.66,0.0000,56.84,0.00,0.00,185.31,0.0000,1355765.00,0.00,1355765.00,1355765.00,0.0000,1355765.00,0.00,1355765.00,1355765.00,0.0000

Best Configurations

Pareto Optimal Points
None

Metadata
Field,Value
Aggregation Type,sweep
Sweep Parameters,concurrency
Number of Combinations,12
Number of Profile Runs,12
Number of Successful Runs,12
